SID,Department,Hall,Male_Female,Attendance,Classtest,Cgpa,Total_Credit_Completed,Status
4480,8,1,1,0.9657894736842108,0.662719298245614,2.932065217391304,161,Moderate
4481,8,1,1,0.8931623931623934,0.82991452991453,3.340062111801242,161,Moderate
4483,9,1,0,0.8601941747572817,0.741359223300971,2.5957278481012658,158,Very Poor
4484,9,1,1,0.7990291262135923,0.6189320388349514,2.2887658227848102,158,Poor
4485,9,1,1,0.8485436893203883,0.7525242718446602,2.7112341772151898,158,Moderate
4486,9,0,0,0.8708737864077672,0.6816990291262136,2.4786392405063293,158,Moderate
4487,9,1,1,0.9805825242718447,0.7740776699029127,2.7246835443037973,158,Moderate
4488,9,0,0,0.7242718446601942,0.6855339805825242,2.3212025316455698,158,Poor
4489,9,0,0,0.9378640776699031,0.6904854368932041,2.589398734177215,158,Moderate
4490,9,1,1,0.616964285714286,0.5999107142857143,2.114309210526316,152,Poor
4492,11,1,1,0.9907563025210083,0.7216386554621849,3.0652173913043477,161,Moderate
4493,11,1,1,0.7192307692307692,0.6862692307692306,3.078020134228188,149,Very Poor
4494,11,1,0,0.8915966386554622,0.7810084033613445,3.2546583850931676,161,Very Poor
4496,11,0,1,0.9831932773109243,0.733529411764706,3.2267080745341614,161,Good
4497,11,1,1,0.8756302521008403,0.7575630252100842,3.372670807453416,161,Moderate
4498,11,0,1,0.8109243697478993,0.7308403361344539,3.095496894409938,161,Good
4499,11,1,0,0.9689075630252101,0.6777310924369746,2.8385093167701863,161,Very Poor
4566,10,0,0,0.8658823529411764,0.6921176470588234,2.920394736842105,190,Very Poor
4587,1,1,1,0.6147058823529412,0.46911764705882364,2.842391304347826,161,Very Poor
4588,7,1,1,0.9956521739130435,0.767391304347826,3.169811320754717,159,Poor
4589,5,1,1,0.9561983471074379,0.8148760330578511,3.5908385093167703,161,Good
4590,2,1,1,0.9864,0.8622,3.7878086419753085,162,Good
4591,2,1,1,0.964,0.8036,3.376929012345679,162,Moderate
4592,5,1,1,0.9325,0.86125,3.67421875,160,Good
4593,4,0,0,0.9874015748031496,0.810236220472441,3.689043209876543,162,Good
4594,5,0,0,0.9710743801652892,0.7776859504132231,3.369565217391304,161,Moderate
4595,7,0,1,0.6111764705882352,0.44220588235294106,2.510551948051948,154,Very Poor
4596,7,1,1,0.380701754385965,0.3041812865497076,2.4447674418604652,129,Very Poor
4597,8,1,1,0.980701754385965,0.9271929824561405,3.8206521739130435,161,Excellent
4598,4,0,0,1.026984126984127,0.7365079365079362,2.9891975308641974,162,Very Poor
4609,2,0,1,0.9448,0.7729999999999999,3.4660493827160495,162,Moderate
4610,4,1,1,0.5685714285714285,0.48214285714285726,2.6786290322580646,155,Very Poor
4611,4,1,1,1.0040650406504066,0.8040650406504066,3.2391975308641974,162,Moderate
4646,4,1,1,0.9414634146341465,0.7780487804878047,3.056327160493827,162,Poor
4647,5,1,1,0.9141666666666667,0.7162499999999999,3.0765625,160,Moderate
4648,2,0,1,0.9863999999999999,0.7296,3.2229938271604937,162,Moderate
4650,2,0,1,1.0,0.8398000000000003,3.7253086419753085,162,Good
4651,4,0,1,0.8985401459854019,0.5525547445255473,2.5185185185185186,162,Very Poor
4652,11,0,1,0.9638655462184873,0.7449579831932772,3.4309006211180124,161,Good
4653,4,0,1,0.9656488549618322,0.7721374045801527,3.321759259259259,162,Moderate
4655,3,1,0,0.9838983050847459,0.7279661016949152,3.181712962962963,162,Moderate
4666,10,1,1,0.06739130434782607,0.3320163043478261,2.3017857142857143,140,Very Poor
4667,10,1,0,0.5270588235294118,0.603,2.7302631578947367,190,Very Poor
4668,10,0,1,0.7705882352941178,0.6008823529411768,2.9763157894736842,190,Very Poor
4669,10,0,0,0.668235294117647,0.6694117647058825,2.9394736842105265,190,Very Poor
4670,10,1,0,0.4188235294117647,0.5259411764705882,2.943421052631579,190,Very Poor
4671,10,1,1,0.6195402298850575,0.6060919540229882,2.6315789473684212,190,Very Poor
4673,10,1,0,0.47701149425287365,0.5955172413793104,2.8151315789473683,190,Very Poor
4674,10,1,0,0.6541176470588236,0.7167647058823531,3.075657894736842,190,Very Poor
4675,10,1,1,0.17528089887640452,0.2747191011235955,2.6536259541984735,131,Very Poor
4676,10,0,0,0.828235294117647,0.6194117647058826,2.8644736842105263,190,Very Poor
4677,10,0,0,0.7894117647058823,0.6567647058823528,2.6116573033707864,178,Very Poor
4678,10,0,0,0.6341176470588236,0.596470588235294,2.906779661016949,177,Very Poor
4682,7,1,0,0.9834782608695652,0.8004347826086956,3.585691823899371,159,Moderate
4683,10,1,1,0.5616161616161616,0.4929292929292929,3.642384105960265,151,Very Good
4685,4,1,1,0.6141242937853106,0.48135593220339,2.8817307692307694,130,Very Poor
4686,5,0,1,1.0214876033057851,0.7661157024793389,3.138198757763975,161,Moderate
4687,5,0,1,0.38388888888888884,0.41277777777777774,2.67688679245283,159,Very Poor
4697,2,1,1,0.9137404580152673,0.6629770992366413,2.5590277777777777,162,Moderate
4708,11,1,1,0.4552763819095477,0.5108040201005029,2.8898809523809526,126,Very Poor
4709,5,1,1,0.8421487603305784,0.7628099173553718,3.001552795031056,161,Moderate
4711,4,1,1,1.007317073170732,0.791869918699187,3.1809413580246915,162,Poor
4712,6,0,1,0.9635593220338985,0.8508474576271186,3.7875,160,Good
4713,5,1,1,0.9669421487603306,0.7851239669421485,3.341614906832298,161,Moderate
4716,8,1,1,0.823684210526316,0.8074561403508769,3.487577639751553,161,Moderate
4717,10,1,0,0.7180722891566262,0.7045180722891567,3.4342105263157894,190,Very Poor
4750,1,0,0,0.9923076923076923,0.9055555555555554,3.8401898734177213,158,Very Good
4751,6,1,1,0.9093220338983051,0.7622881355932203,3.6890625,160,Moderate
4752,6,0,1,1.0069767441860464,0.7397286821705431,3.2875,160,Moderate
4753,8,1,1,0.9456140350877192,0.7171052631578947,3.3377329192546585,161,Moderate
4754,9,0,1,0.958252427184466,0.8180582524271846,2.8172468354430378,158,Good
4755,9,1,1,0.8242718446601942,0.7162135922330098,2.4849683544303796,158,Moderate
4758,10,1,1,0.29560439560439566,0.31912087912087916,2.73125,120,Very Poor
4759,10,1,1,0.41368421052631577,0.5207894736842104,3.2567365269461077,167,Very Poor
4762,1,0,1,0.9477272727272729,0.5522727272727274,2.9289383561643834,146,Very Poor
4763,2,1,1,0.9553846153846154,0.7307692307692308,3.4607371794871793,156,Moderate
4764,7,1,1,0.9371900826446281,0.6479338842975207,2.9775641025641026,156,Very Poor
4765,10,1,1,0.1188034188034188,0.13034188034188035,2.3346774193548385,124,Very Poor
4766,4,0,1,1.0,0.8673228346456692,3.7330246913580245,162,Good
4767,10,0,1,0.3227722772277228,0.36633663366336633,2.500776397515528,161,Poor
4768,1,1,1,0.9025000000000001,0.7020833333333336,3.3180379746835444,158,Moderate
4769,1,1,1,0.9769230769230769,0.8388888888888888,3.7642405063291138,158,Good
4770,1,0,1,0.9615384615384618,0.8198717948717948,3.723892405063291,158,Good
4771,1,0,0,0.9923076923076922,0.8730769230769231,3.8164556962025316,158,Very Good
4772,3,1,1,1.01140350877193,0.8105263157894738,3.3645833333333335,162,Moderate
4817,3,1,1,1.0175438596491229,0.7850877192982458,3.173611111111111,162,Poor
4821,2,1,1,0.9310344827586207,0.7349137931034484,3.4202044025157234,159,Moderate
4823,5,0,1,0.6645348837209302,0.47674418604651186,2.345125786163522,159,Very Poor
4825,3,1,1,0.7262711864406778,0.7169491525423731,3.0372596153846154,156,Poor
4826,4,0,1,0.9795275590551181,0.7673228346456692,3.308641975308642,162,Moderate
4828,5,0,1,1.0293103448275862,0.7422413793103447,3.25078125,160,Moderate
4829,1,0,1,0.9897435897435899,0.8525641025641025,3.7998417721518987,158,Good
4830,1,1,1,0.9820512820512822,0.8115384615384618,3.6574367088607596,158,Good
4831,2,0,0,0.945689655172414,0.7260775862068967,3.35234375,160,Moderate
4832,4,1,1,0.947244094488189,0.7614173228346452,3.5652006172839505,162,Moderate
4833,4,0,1,1.0219512195121951,0.8390243902439026,3.513117283950617,162,Good
4834,4,0,1,0.9740157480314962,0.8204724409448819,3.6454475308641974,162,Good
4836,10,0,0,0.6528089887640447,0.6353932584269664,2.967763157894737,190,Very Poor
4837,4,1,1,0.9682926829268295,0.7276422764227642,2.9050925925925926,162,Poor
4838,4,1,1,0.893700787401575,0.7212598425196852,3.1084104938271606,162,Poor
4839,4,1,1,0.9188976377952758,0.6921259842519686,3.0709876543209877,162,Poor
4840,6,0,1,0.9898305084745762,0.7618644067796612,3.420703125,160,Moderate
4841,1,1,1,0.894871794871795,0.7837606837606838,3.4319620253164556,158,Moderate
4842,1,1,1,0.8717948717948718,0.7606837606837608,3.5102848101265822,158,Moderate
4843,1,1,0,0.9846153846153848,0.8576923076923075,3.768987341772152,158,Good
4857,1,0,1,0.9846153846153848,0.7782051282051282,3.5387658227848102,158,Very Good
4870,4,0,0,0.7904761904761906,0.532312925170068,3.1036184210526314,152,Poor
4872,7,0,1,0.9591304347826086,0.7139130434782608,3.1132075471698113,159,Very Poor
4873,11,1,1,0.9770992366412212,0.7484732824427477,3.4953703703703702,162,Moderate
4874,2,0,1,0.9684210526315791,0.624624060150376,3.119642857142857,140,Good
4875,5,1,0,1.0557522123893806,0.7345132743362832,2.9347826086956523,161,Poor
4876,3,1,1,0.9824561403508775,0.8122807017543859,3.3483796296296298,162,Moderate
4877,2,1,1,0.9175999999999999,0.7811999999999998,3.364969135802469,162,Moderate
4878,10,0,0,0.5602150537634408,0.5228494623655913,2.857894736842105,190,Very Poor
4879,10,1,1,0.44418604651162785,0.4819767441860465,3.9317375886524824,141,Very Good
4880,7,0,1,0.6310606060606061,0.5318181818181817,2.767384105960265,151,Very Poor
4881,5,0,0,0.9726495726495726,0.7602564102564103,3.0722049689440993,161,Moderate
4882,1,0,1,0.9948717948717949,0.8811965811965812,3.8401898734177213,158,Very Good
4883,2,0,1,0.692857142857143,0.6615079365079366,3.019230769230769,156,Good
4884,4,1,1,0.9425196850393702,0.7677165354330707,3.4174382716049383,162,Poor
4885,4,1,1,0.9952755905511812,0.7807086614173226,3.415509259259259,162,Poor
4886,4,1,1,1.0092307692307694,0.6803846153846154,2.8199685534591197,159,Poor
4889,4,1,1,0.9897637795275591,0.8220472440944878,3.462577160493827,162,Moderate
4890,7,0,1,0.9381355932203391,0.6576271186440679,3.105769230769231,156,Poor
4891,5,1,1,0.9766666666666666,0.9212499999999998,3.8859375,160,Excellent
4894,4,1,1,0.9857142857142858,0.8138888888888887,3.052469135802469,162,Moderate
4899,8,1,1,0.9815789473684211,0.831578947368421,3.4588509316770186,161,Moderate
4900,2,1,1,0.7155038759689923,0.6104651162790696,3.032793209876543,162,Good
4901,10,1,0,0.8294117647058822,0.74,3.630921052631579,190,Moderate
4904,1,1,1,0.7871794871794872,0.7478632478632476,3.4675632911392404,158,Very Poor
4905,10,0,0,0.32924528301886796,0.44316037735849056,3.1013157894736842,190,Very Poor
4906,2,1,0,1.0,0.9044000000000003,3.864969135802469,162,Excellent
4907,2,1,1,0.9128000000000001,0.6983999999999998,3.1122685185185186,162,Moderate
4911,10,1,1,0.3661417322834645,0.3425196850393701,3.143103448275862,145,Very Poor
4918,5,1,1,0.9983471074380165,0.8024793388429754,3.544254658385093,161,Good
4928,10,0,1,0.5592233009708738,0.5339805825242722,2.9393491124260356,169,Poor
4944,1,1,1,1.0069767441860467,0.6107558139534883,2.661870503597122,139,Very Poor
4948,10,0,0,0.2016806722689076,0.315546218487395,2.9417134831460676,178,Very Poor
4954,5,1,1,0.505072463768116,0.6003623188405797,2.856382978723404,141,Very Poor
4955,1,1,1,0.8829268292682929,0.6611788617886181,3.178691275167785,149,Moderate
4956,1,1,1,0.7641025641025643,0.7008547008547011,3.2895569620253164,158,Good
4957,1,1,1,0.9461538461538463,0.8724358974358976,3.6835443037974684,158,Good
4958,1,0,0,0.9794871794871797,0.8055555555555554,3.4651898734177213,158,Moderate
4959,1,1,1,0.9209790209790211,0.5447552447552447,2.921195652173913,138,Good
4960,1,0,1,0.9743589743589743,0.7337606837606836,3.2919303797468356,158,Moderate
4961,1,1,1,0.9743589743589746,0.7858974358974358,3.526898734177215,158,Moderate
4962,1,1,1,0.788095238095238,0.5559523809523809,2.8963815789473686,152,Moderate
4963,1,1,1,0.9820512820512822,0.8044871794871794,3.4343354430379747,158,Poor
4964,1,1,1,0.8871794871794874,0.8126068376068375,3.560126582278481,158,Good
4965,1,0,1,0.976923076923077,0.7784188034188037,3.2990506329113924,158,Very Poor
4966,1,1,1,0.9641025641025643,0.8314102564102563,3.766613924050633,158,Good
4967,1,1,1,0.9615384615384617,0.8739316239316237,3.8069620253164556,158,Excellent
4968,1,1,1,0.8775000000000001,0.6891666666666669,3.225474683544304,158,Moderate
4969,1,1,1,0.9775000000000001,0.7162499999999998,3.0854430379746836,158,Moderate
4970,1,0,1,0.8300000000000001,0.6254166666666665,3.037974683544304,158,Very Poor
4971,1,0,0,0.9769230769230771,0.7213675213675216,3.2302215189873418,158,Very Poor
4972,1,0,1,0.8948717948717951,0.7517094017094015,3.4770569620253164,158,Very Poor
4973,1,1,1,0.9564102564102565,0.8653846153846153,3.759493670886076,158,Good
4974,3,1,1,0.8709090909090909,0.8063636363636362,3.2046875,160,Moderate
4975,3,1,0,0.997457627118644,0.7639830508474575,3.431712962962963,162,Moderate
4976,3,1,1,0.9047999999999998,0.6696,3.0684335443037973,158,Poor
4978,2,1,1,0.882758620689655,0.7672413793103449,3.44765625,160,Moderate
4991,1,1,1,0.9897435897435899,0.8769230769230768,3.6882911392405062,158,Good
4994,10,1,1,0.39009009009009005,0.46396396396396405,3.7307046979865772,149,Excellent
4995,4,0,1,0.868503937007874,0.6803149606299211,3.0142746913580245,162,Moderate
4996,1,1,1,0.9923076923076923,0.836111111111111,3.6431962025316458,158,Good
4997,2,1,1,0.9689655172413794,0.7581896551724138,3.39375,160,Moderate
5041,5,0,1,0.9899999999999999,0.75,3.3109375,160,Moderate
5057,11,1,1,0.8725806451612905,0.5705645161290324,2.7063758389261743,149,Very Poor
5063,10,1,0,0.8939759036144579,0.633132530120482,3.1473684210526316,190,Moderate
5064,10,0,1,0.33801652892561984,0.3367768595041323,3.4591836734693877,147,Poor
5065,7,0,1,0.9565217391304348,0.7430434782608694,3.134433962264151,159,Very Poor
5066,5,1,1,0.9752066115702479,0.8169421487603304,3.6009316770186337,161,Good
5068,9,1,1,0.9971428571428572,0.8485714285714285,2.824367088607595,158,Poor
5069,1,1,1,0.9974358974358974,0.8777777777777779,3.752373417721519,158,Good
5070,5,0,1,1.0275862068965516,0.8021551724137931,3.3265625,160,Very Poor
5071,10,0,0,0.7942528735632182,0.6890804597701149,3.3432539682539684,189,Very Poor
5076,6,1,1,0.7290322580645162,0.6008064516129032,2.898828125,160,Very Poor
5077,2,0,1,0.8697183098591549,0.6332746478873239,3.200089928057554,139,Moderate
5078,2,1,1,0.9844827586206898,0.7077586206896551,3.370703125,160,Moderate
5080,5,1,0,0.8328244274809161,0.4885496183206106,2.7065602836879434,141,Very Poor
5081,5,1,1,0.9626016260162602,0.6426829268292683,2.74375,160,Good
5082,2,0,1,0.9525862068965518,0.7810344827586209,3.478515625,160,Moderate
5083,4,1,1,0.653968253968254,0.5710317460317459,2.8248456790123457,162,Poor
5084,2,1,1,0.9616,0.6909999999999998,2.859872611464968,157,Moderate
5085,4,1,1,0.8938461538461541,0.746923076923077,3.1925154320987654,162,Poor
5086,6,1,0,0.9881355932203391,0.8483050847457629,3.691796875,160,Moderate
5087,8,1,1,0.9815789473684211,0.8127192982456142,3.5667701863354035,161,Good
5088,9,1,1,0.9885714285714287,0.746904761904762,2.4667721518987342,158,Moderate
5089,4,1,1,0.9361538461538463,0.7438461538461538,2.970679012345679,162,Poor
5090,4,1,1,0.4715151515151516,0.45454545454545464,2.7984022556390977,133,Very Poor
5091,6,1,1,0.8889830508474577,0.7847457627118644,3.573046875,160,Moderate
5092,11,1,1,0.9408695652173912,0.7,2.9658385093167703,161,Moderate
5096,6,1,1,0.9771186440677966,0.8614406779661018,3.82109375,160,Excellent
5106,9,1,1,0.537704918032787,0.5549590163934426,2.0596774193548386,155,Poor
5107,3,1,0,0.9983050847457627,0.759322033898305,3.419367283950617,162,Moderate
5108,3,1,1,0.8245762711864407,0.6758474576271187,3.054783950617284,162,Poor
5109,3,1,1,1.0,0.8110169491525425,3.494212962962963,162,Moderate
5110,3,0,1,0.6558333333333335,0.606875,2.761206896551724,145,Moderate
5111,4,0,1,0.9976377952755906,0.850787401574803,3.707175925925926,162,Good
5112,4,0,1,0.930708661417323,0.7496062992125987,3.349922839506173,162,Moderate
5114,4,0,1,0.9302521008403365,0.7676470588235292,3.044367283950617,162,Moderate
5116,4,0,1,0.7931297709923665,0.6652671755725191,2.8364197530864197,162,Poor
5117,4,0,1,0.9748031496062993,0.8393700787401575,3.6986882716049383,162,Good
5118,4,1,1,0.9133858267716536,0.7618110236220473,3.3483796296296298,162,Poor
5119,4,1,1,0.9811023622047245,0.778740157480315,3.466435185185185,162,Poor
5120,4,0,1,0.9590551181102362,0.7929133858267714,3.5736882716049383,162,Good
5121,4,1,1,0.9952755905511813,0.7118110236220473,2.8813291139240507,158,Poor
5122,4,1,1,0.9929133858267717,0.871653543307087,3.8896604938271606,162,Excellent
5123,4,1,1,0.9779527559055119,0.7964566929133859,3.2199074074074074,162,Poor
5124,4,1,1,0.9858267716535434,0.8826771653543307,3.642746913580247,162,Good
5125,4,1,1,0.9874015748031496,0.8559055118110238,3.6107253086419755,162,Good
5126,2,0,1,0.9948275862068966,0.8745689655172413,3.75,160,Good
5127,1,0,1,0.9974358974358974,0.9192307692307692,3.918512658227848,158,Very Good
5163,1,1,1,0.976923076923077,0.8805555555555558,3.8544303797468356,158,Excellent
5167,10,1,1,0.26260869565217393,0.48956521739130426,2.889784946236559,186,Very Poor
5168,1,1,0,0.9800000000000001,0.7108333333333334,3.225474683544304,158,Poor
5169,2,1,1,0.6309859154929578,0.5360915492957746,2.9551282051282053,156,Moderate
5171,4,1,1,0.9905511811023623,0.8019685039370078,3.455632716049383,162,Moderate
5172,4,1,1,0.935433070866142,0.7586614173228348,3.4575617283950617,162,Poor
5173,11,1,1,0.9883333333333333,0.8281249999999999,3.6242283950617282,162,Good
5174,5,0,0,0.9408333333333333,0.7916666666666669,3.24140625,160,Moderate
5175,8,0,1,0.930701754385965,0.676315789473684,2.844332298136646,161,Poor
5177,4,0,0,0.9921259842519685,0.8133858267716536,3.4953703703703702,162,Moderate
5182,2,1,1,0.775,0.6875,3.199609375,160,Moderate
5183,1,1,1,0.976923076923077,0.8579059829059829,3.7713607594936707,158,Good
5184,1,1,1,0.9000000000000001,0.6158536585365854,3.1036184210526314,152,Moderate
5185,10,1,1,0.16684782608695653,0.3135054347826087,25.066666666666666,15,Excellent
5186,1,0,1,0.8647058823529412,0.7205882352941176,1.85,15,Moderate
5187,7,1,1,0.9704347826086959,0.7030434782608695,3.1973270440251573,159,Poor
5188,7,1,1,0.9834782608695651,0.7369565217391304,3.136006289308176,159,Poor
5189,7,0,0,0.9973913043478261,0.8986956521739131,3.816823899371069,159,Very Good
5190,5,1,1,1.0224137931034483,0.9125000000000001,3.74921875,160,Good
5191,5,1,1,0.9146341463414637,0.6495934959349594,2.82421875,160,Moderate
5192,5,1,1,0.9516666666666665,0.7716666666666666,3.209375,160,Moderate
5193,5,0,1,0.9425000000000001,0.7958333333333332,3.5453125,160,Moderate
5194,5,1,1,0.9086206896551723,0.6842672413793103,2.91015625,160,Moderate
5195,5,1,0,1.0,0.7995901639344263,3.6109375,160,Moderate
5197,5,0,1,0.9681034482758621,0.7129310344827586,2.84453125,160,Moderate
5198,5,0,1,0.9916666666666666,0.7845833333333333,3.34921875,160,Moderate
5199,2,0,1,0.9612068965517241,0.7525862068965516,3.35,160,Moderate
5200,2,1,1,0.9586206896551723,0.79375,3.56015625,160,Moderate
5202,2,0,0,1.0,0.8474137931034483,3.804296875,160,Very Good
5214,3,1,1,0.6257861635220124,0.5047169811320754,2.7911585365853657,123,Very Poor
5215,5,0,1,0.904032258064516,0.6899193548387096,3.19140625,160,Moderate
5216,1,1,1,0.823913043478261,0.5804347826086957,2.8789556962025316,158,Moderate
5222,5,0,1,0.6095744680851063,1.1226063829787234,2.0433673469387754,147,Moderate
5224,5,0,1,0.9577235772357723,0.7103658536585364,3.234375,160,Moderate
5225,10,1,1,0.3036697247706423,0.4832568807339449,3.027027027027027,185,Very Poor
5226,10,1,0,0.778021978021978,0.6313186813186813,2.769974226804124,194,Very Poor
5227,10,1,0,0.5456310679611649,0.5422330097087381,2.8823924731182795,186,Very Poor
5228,5,1,1,0.946551724137931,0.7211206896551722,3.06328125,160,Moderate
5229,1,1,1,0.9875,0.7325,3.2563291139240507,158,Moderate
5230,2,1,1,0.7155172413793104,0.6762931034482758,3.15625,160,Very Poor
5231,1,1,1,0.9794871794871796,0.8220085470085469,3.778481012658228,158,Good
5232,4,1,1,0.9952755905511812,0.7755905511811026,3.546682098765432,162,Moderate
5234,5,0,0,0.9841666666666665,0.7512499999999999,3.31953125,160,Moderate
5235,5,1,1,0.3729032258064515,0.49064516129032254,2.6745283018867925,159,Good
5236,1,1,1,0.8692913385826773,0.7192913385826772,4.083941605839416,137,Excellent
5237,1,0,1,0.9846153846153847,0.8844017094017093,3.8568037974683542,158,Very Good
5238,1,0,1,0.9333333333333336,0.8382478632478633,3.8212025316455698,158,Very Good
5239,1,0,1,0.9974358974358974,0.8427350427350428,3.6882911392405062,158,Good
5240,1,1,0,0.9923076923076923,0.9177350427350428,3.909018987341772,158,Very Good
5241,1,1,1,0.9692307692307695,0.8673076923076922,3.8544303797468356,158,Excellent
5242,1,1,1,0.9000000000000002,0.864957264957265,3.7642405063291138,158,Good
5243,1,1,1,0.9743589743589745,0.773931623931624,3.232594936708861,158,Moderate
5244,1,1,1,0.9295081967213117,0.7008196721311479,3.138157894736842,152,Moderate
5245,1,1,1,0.8596638655462184,0.7126050420168069,3.4082278481012658,158,Moderate
5246,1,0,1,0.9974358974358974,0.9194444444444444,3.9161392405063293,158,Very Good
5248,1,0,1,0.9769230769230771,0.7974358974358975,3.581487341772152,158,Very Good
5250,1,1,1,0.9435897435897437,0.8116666666666666,3.733386075949367,158,Good
5251,1,1,1,0.9461538461538465,0.8514957264957265,3.7974683544303796,158,Good
5256,10,0,1,0.0,0.03571428571428571,2.0,2,Poor
5293,10,0,1,0.0,0.18333333333333335,2.0,2,Poor
5294,5,0,1,0.99,0.8570833333333335,3.7734375,160,Good
5295,2,1,1,0.974107142857143,0.796875,3.37890625,160,Moderate
5296,4,1,1,0.9650406504065042,0.6658536585365854,2.8074845679012346,162,Poor
5297,11,1,1,0.9916666666666667,0.7941666666666667,3.428240740740741,162,Moderate
5298,2,1,1,0.9775999999999999,0.8122,3.4637345679012346,162,Moderate
5299,10,0,0,0.8188235294117648,0.6888235294117647,3.3776315789473683,190,Very Poor
5300,4,1,1,0.9731707317073172,0.7361788617886178,3.1126543209876543,162,Poor
5365,1,0,1,0.9974358974358974,0.8143162393162393,3.6598101265822787,158,Good
5366,5,0,0,0.9466666666666668,0.6712499999999999,3.25546875,160,Moderate
5369,2,1,1,0.9474137931034483,0.7142241379310345,3.234375,160,Moderate
5378,5,1,1,0.7637931034482758,0.7178879310344827,2.90390625,160,Good
5379,7,1,1,0.43991031390134516,0.34439461883408085,2.4715073529411766,136,Very Poor
5380,1,0,1,0.9925,0.8531250000000001,3.507911392405063,158,Good
5381,5,1,1,0.835042735042735,0.6764957264957268,2.8982919254658386,161,Moderate
5383,5,1,1,0.6152866242038216,0.45764331210191095,2.6082214765100673,149,Poor
5385,6,1,1,0.7730158730158732,0.5916666666666667,2.7540849673202614,153,Poor
5386,7,0,0,0.9921739130434784,0.8121739130434783,3.7232704402515724,159,Moderate
5388,1,0,1,0.9725,0.7658333333333333,3.391613924050633,158,Very Poor
5389,1,0,1,0.9589743589743591,0.7478632478632479,3.4984177215189876,158,Very Poor
5390,5,0,1,0.9304964539007091,0.5631205673758867,3.0892857142857144,133,Moderate
5403,9,1,1,0.8819047619047619,0.753,2.3971518987341773,158,Moderate
5511,5,0,1,0.3923566878980892,0.7700636942675161,2.0899280575539567,139,Moderate
5512,7,1,1,0.9269565217391305,0.6763043478260868,3.202830188679245,159,Poor
5513,7,1,1,1.0000000000000002,0.8110169491525424,3.3974358974358974,156,Moderate
5514,7,1,1,0.9059322033898308,0.597457627118644,2.759433962264151,159,Very Poor
5515,7,1,1,0.9432203389830509,0.6550847457627116,2.9394654088050314,159,Poor
5516,7,1,1,0.9981981981981983,0.7954954954954954,3.2625786163522013,159,Poor
5520,2,1,1,0.826153846153846,0.5903846153846153,3.0208333333333335,153,Poor
5522,1,1,1,0.9897435897435897,0.8369658119658122,3.6479430379746836,158,Good
5565,4,1,1,0.8730158730158734,0.7793650793650796,3.217374213836478,159,Poor
5566,1,1,1,0.9775000000000003,0.7499999999999999,3.4153481012658227,158,Moderate
5567,1,1,1,0.9982758620689656,0.7588362068965518,2.992879746835443,158,Moderate
5573,1,1,1,0.9380952380952383,0.7573412698412698,3.232258064516129,155,Moderate
5574,5,0,1,0.9791666666666667,0.8362499999999999,3.60078125,160,Good
5575,5,1,1,0.9849999999999999,0.8524999999999999,3.5765625,160,Good
5576,5,0,0,0.9608333333333332,0.6804166666666666,3.1078125,160,Moderate
5577,5,1,0,1.0034482758620689,0.8077586206896553,3.29765625,160,Moderate
5581,2,0,1,0.996551724137931,0.7228448275862069,2.774609375,160,Moderate
5598,8,1,1,0.9254385964912282,0.7912280701754386,3.459627329192547,161,Moderate
5602,4,1,1,0.8223076923076922,0.6230769230769232,3.128858024691358,162,Poor
5603,4,1,1,0.758267716535433,0.7499999999999999,3.2955246913580245,162,Poor
5605,8,1,1,0.8947368421052633,0.73859649122807,3.0869565217391304,161,Moderate
5606,11,1,0,0.9663934426229509,0.716598360655738,3.232142857142857,161,Very Poor
5607,2,0,1,0.9440000000000001,0.6911999999999999,3.1334876543209877,162,Moderate
5608,2,1,1,0.8488888888888889,0.6203703703703706,2.956487341772152,158,Moderate
5610,2,1,1,0.8944000000000001,0.7232000000000001,3.0435956790123457,162,Moderate
5633,1,1,1,0.9692307692307692,0.866239316239316,3.6906645569620253,158,Good
5712,1,0,1,0.7000000000000001,0.7570921985815603,2.279255319148936,141,Very Poor
5716,1,1,1,0.7753731343283583,0.598320895522388,2.8799019607843137,153,Poor
5717,1,1,1,0.9897435897435897,0.7944444444444447,3.712025316455696,158,Moderate
5718,4,1,1,0.9448818897637797,0.704724409448819,3.243827160493827,162,Poor
5719,4,1,1,0.8874015748031497,0.749212598425197,3.3136574074074074,162,Poor
5723,8,1,1,0.8529411764705883,0.7260504201680671,3.1917701863354035,161,Moderate
5724,1,1,1,0.9957264957264957,0.7384615384615384,2.9449685534591197,159,Moderate
5725,7,1,1,0.9904347826086957,0.7834782608695653,3.550314465408805,159,Moderate
5727,6,1,1,0.9966101694915254,0.8228813559322032,3.740234375,160,Good
5732,10,0,0,0.7240963855421685,0.6000000000000001,3.1375,190,Very Poor
5734,1,1,1,0.9794871794871796,0.7914529914529914,3.581487341772152,158,Moderate
5735,5,1,1,0.8919354838709678,0.7112903225806452,3.1955128205128207,156,Moderate
5736,4,1,1,0.9125984251968503,0.8098425196850395,3.580246913580247,162,Good
5740,1,1,1,0.9948717948717949,0.751282051282051,3.2919303797468356,158,Moderate
5741,10,1,0,0.8373493975903614,0.7162650602409637,3.2460526315789475,190,Good
5742,1,1,1,0.9923076923076923,0.8047008547008547,3.7001582278481013,158,Good
5743,7,1,1,0.756716417910448,0.6242537313432835,3.0344202898550723,138,Good
5744,5,1,1,0.8624999999999999,0.6712500000000002,3.3265625,160,Moderate
5745,5,0,1,0.7777777777777779,0.54484126984127,2.696993670886076,158,Very Poor
5746,5,1,1,0.7543999999999997,0.6644,3.01875,160,Good
5747,5,0,1,0.965,0.6991666666666666,3.11328125,160,Moderate
5748,5,0,1,0.9361538461538462,0.7438461538461538,3.862410071942446,139,Very Good
5749,5,0,1,0.9775862068965517,0.7474137931034485,3.31328125,160,Moderate
5750,5,1,1,0.9966666666666666,0.8287499999999999,3.69375,160,Good
5751,5,1,1,0.9441666666666666,0.645,3.06875,160,Poor
5752,5,1,1,0.9818181818181817,0.5917355371900826,2.5941455696202533,158,Good
5753,5,1,1,0.9966666666666666,0.8162499999999999,3.675,160,Good
5754,5,0,1,0.985,0.75125,3.32421875,160,Moderate
5755,5,1,1,0.9933333333333333,0.8237499999999999,3.7140625,160,Good
5756,5,1,1,0.9808333333333332,0.7479166666666667,3.1359375,160,Moderate
5757,5,1,1,1.032758620689655,0.7094827586206898,3.0,160,Moderate
5758,5,1,0,0.9957983193277311,0.8794117647058826,3.57734375,160,Moderate
5759,5,1,1,0.7237704918032788,0.6245901639344262,2.75390625,160,Moderate
5768,5,0,1,0.715,0.5858333333333335,2.7265625,160,Very Poor
5769,2,1,1,0.9750000000000001,0.8250000000000001,3.519921875,160,Good
5805,2,1,1,1.0053571428571428,0.7437499999999997,2.926953125,160,Moderate
5806,1,1,1,1.0,0.8514957264957266,3.704905063291139,158,Good
5807,1,0,1,1.0,0.8794871794871791,3.8520569620253164,158,Very Good
5808,1,0,1,1.0,0.8380341880341882,3.75,158,Good
5811,1,0,1,1.0,0.8384615384615384,3.752373417721519,158,Good
5812,7,1,1,0.9808695652173915,0.8478260869565216,3.667452830188679,159,Good
5813,1,1,1,0.9871794871794872,0.8384615384615384,3.8544303797468356,158,Excellent
5814,5,0,1,0.985,0.8177083333333336,3.725,160,Good
5815,6,1,1,0.9870967741935485,0.6056451612903225,2.7540584415584415,154,Moderate
5832,4,0,1,0.8669291338582679,0.6964566929133857,3.0266203703703702,162,Moderate
5837,4,0,1,0.9976377952755906,0.8153543307086615,3.63695987654321,162,Good
5847,1,1,1,0.9820512820512821,0.782051282051282,3.6052215189873418,158,Moderate
5852,4,1,1,0.7075187969924812,0.6203007518796991,3.05275974025974,154,Moderate
5855,1,1,1,0.9948717948717949,0.8243589743589743,3.590981012658228,158,Good
5858,10,1,1,0.21304347826086958,0.416304347826087,1.7528409090909092,176,Very Poor
5868,2,1,1,0.9637931034482758,0.8060344827586207,3.703125,160,Good
5873,1,0,1,0.9615384615384617,0.8658119658119657,3.7998417721518987,158,Good
5875,10,0,1,0.7222222222222221,0.6796296296296298,2.838157894736842,190,Moderate
5877,1,1,1,0.9435897435897437,0.8128205128205128,3.607594936708861,158,Good
5878,10,0,0,0.5705263157894734,0.5936842105263157,2.714095744680851,188,Very Poor
5879,5,0,1,0.7752941176470589,0.7782352941176471,2.325503355704698,149,Very Poor
5881,4,1,1,0.9826771653543308,0.7066929133858266,2.931327160493827,162,Poor
5884,5,1,1,0.8060810810810812,0.5550675675675674,2.514516129032258,155,Very Poor
5888,2,0,0,0.8964028776978419,0.6828525179856114,2.696993670886076,158,Moderate
5889,8,0,1,0.9535087719298249,0.7881578947368422,3.43361801242236,161,Good
5892,2,0,0,0.7750000000000001,0.5508343750000001,2.6444099378881987,161,Good
5900,2,1,1,1.0,0.9254310344827587,3.79453125,160,Good
5913,6,1,1,0.7710937499999999,0.6410156250000001,3.672348484848485,132,Moderate
5920,6,1,1,0.9371212121212121,0.6674242424242423,3.094140625,160,Moderate
5921,11,1,1,0.9633587786259542,0.7244274809160305,3.9505395683453237,139,Excellent
5922,5,1,1,0.9672268907563027,0.6806722689075629,2.86875,160,Moderate
5925,5,0,1,0.8866666666666666,0.6704166666666668,3.084375,160,Moderate
5926,5,1,1,0.8137096774193546,0.5653225806451613,2.5609375,160,Very Poor
5927,5,1,1,0.9416666666666667,0.6608333333333333,2.9421875,160,Moderate
5928,5,1,1,0.8480000000000001,0.6794000000000001,2.9651785714285714,140,Moderate
5929,2,1,1,0.9517241379310346,0.6685344827586207,3.165625,160,Moderate
5930,1,1,1,0.9504201680672271,0.7676470588235296,3.4628164556962027,158,Moderate
5931,1,0,1,1.0,0.8145299145299146,3.7001582278481013,158,Good
5932,1,0,1,0.9948717948717949,0.8273504273504274,3.6977848101265822,158,Good
5933,1,1,1,0.8974789915966389,0.6493697478991597,3.159018987341772,158,Moderate
5934,1,1,1,0.9000000000000002,0.7219827586206895,3.175632911392405,158,Moderate
5935,1,0,1,0.953846153846154,0.8010683760683761,3.6835443037974684,158,Good
5936,1,0,1,0.9794871794871794,0.7790598290598292,3.6930379746835444,158,Very Good
5937,1,1,0,0.9846153846153847,0.761965811965812,3.4058544303797467,158,Poor
5938,1,1,1,0.9974358974358974,0.800854700854701,3.5838607594936707,158,Good
5939,1,1,1,0.8120300751879699,0.5657894736842105,2.8330479452054793,146,Good
5940,1,1,1,0.9948717948717949,0.8085470085470087,3.550632911392405,158,Good
5941,1,1,1,0.9897435897435899,0.807905982905983,3.536392405063291,158,Good
5942,3,1,1,0.9376068376068376,0.7884615384615384,3.2183641975308643,162,Poor
5943,3,1,1,0.9473684210526317,0.7530701754385967,3.0285493827160495,162,Poor
5944,3,1,1,0.9652542372881358,0.7851694915254234,3.342206790123457,162,Poor
5945,4,1,1,0.8881889763779528,0.7232283464566929,3.1574074074074074,162,Poor
5961,4,1,0,1.0073170731707317,0.8369918699186991,3.5439814814814814,162,Moderate
5962,5,1,0,0.993388429752066,0.8727272727272729,3.8043478260869565,161,Very Good
5977,4,1,1,0.9763779527559057,0.7086614173228345,2.9918981481481484,162,Poor
5978,7,0,1,0.9156521739130437,0.6634782608695652,2.7625786163522013,159,Very Poor
5979,4,1,1,0.9685039370078742,0.817716535433071,3.4791666666666665,162,Moderate
5980,2,1,1,0.9880000000000001,0.8276000000000001,3.525077160493827,162,Good
5981,4,1,1,0.8291338582677167,0.6468503937007876,3.1520061728395063,162,Good
5983,1,1,1,0.9820512820512822,0.7696581196581195,3.1542721518987342,158,Moderate
5984,2,1,1,0.9952000000000001,0.8056,3.488425925925926,162,Moderate
5985,3,1,1,0.9516949152542376,0.776906779661017,3.4286265432098766,162,Poor
5986,11,0,1,0.8563758389261744,0.6478187919463089,2.9934210526315788,152,Poor
5987,4,1,1,0.996825396825397,0.7162698412698413,2.9232253086419755,162,Poor
5995,4,0,1,0.9074074074074077,0.5844444444444444,2.8301174496644297,149,Very Poor
5996,2,1,1,0.9801724137931036,0.7711206896551724,3.338671875,160,Moderate
5997,4,1,1,0.9755905511811025,0.7086614173228346,3.2102623456790123,162,Poor
5998,5,1,1,1.0258620689655171,0.8762931034482758,3.64375,160,Good
6000,5,0,1,0.9983333333333333,0.7920833333333334,3.4578125,160,Moderate
6004,7,1,0,0.9626086956521739,0.8043478260869565,3.5770440251572326,159,Moderate
6015,4,1,1,0.9059701492537316,0.7037313432835823,3.208064516129032,155,Poor
6031,5,1,1,0.9905982905982905,0.7803418803418805,3.437888198757764,161,Moderate
6033,10,0,0,0.8987951807228913,0.7319277108433737,3.1467105263157893,190,Very Poor
6034,1,0,1,0.9717948717948718,0.7745726495726496,3.5387658227848102,158,Very Good
6035,2,1,1,0.919672131147541,0.5729508196721311,2.9512987012987013,154,Poor
6036,2,0,1,0.9413793103448277,0.7441810344827587,3.10078125,160,Moderate
6037,2,0,1,0.8684210526315791,0.573872180451128,2.8741666666666665,150,Moderate
6038,2,0,1,0.9956896551724138,0.9060344827586206,3.87109375,160,Very Good
6039,2,1,1,1.0357142857142858,0.8011160714285716,3.409375,160,Moderate
6040,2,0,0,1.0,0.9512931034482758,3.847265625,160,Very Good
6041,2,1,1,0.8406779661016952,0.638135593220339,3.037173202614379,153,Moderate
6042,2,0,1,0.993103448275862,0.7594827586206897,3.44140625,160,Moderate
6043,2,1,1,0.9836206896551725,0.7836206896551725,3.566015625,160,Moderate
6044,2,0,1,0.9974137931034484,0.7670258620689657,3.387109375,160,Moderate
6045,2,1,1,0.9672268907563026,0.7825630252100839,3.34453125,160,Moderate
6048,2,0,0,1.0,0.8066810344827586,3.71796875,160,Very Good
6049,10,1,0,0.6000000000000001,0.5989247311827955,3.5724852071005917,169,Moderate
6051,10,0,1,0.18978102189781024,0.24835766423357664,3.0347682119205297,151,Poor
6052,10,0,0,0.9361445783132529,0.7578313253012048,3.405921052631579,190,Very Poor
6053,10,1,1,0.5525252525252524,0.5260101010101009,3.3696969696969696,165,Very Poor
6055,10,0,1,0.30229007633587796,0.2479007633587786,2.8694444444444445,135,Poor
6056,7,0,1,0.8965811965811965,0.5209401709401709,2.5440705128205128,156,Moderate
6057,7,1,0,0.9860869565217392,0.8139130434782608,3.492138364779874,159,Good
6058,7,1,0,0.971304347826087,0.7417391304347826,3.349056603773585,159,Poor
6095,7,1,1,0.9161016949152543,0.6601694915254238,2.9190251572327046,159,Poor
6096,10,0,0,0.768235294117647,0.5647058823529412,2.9309210526315788,190,Very Poor
6097,10,1,0,0.7469879518072289,0.5801204819277108,2.923026315789474,190,Poor
6098,10,1,1,0.5638554216867467,0.4457831325301205,3.1092105263157896,190,Very Poor
6099,10,1,1,0.2826815642458101,0.3463687150837989,2.976825842696629,178,Very Poor
6107,10,0,0,0.8356321839080458,0.596551724137931,2.7414473684210527,190,Very Poor
6180,10,0,0,0.7385542168674698,0.6722891566265061,2.9671052631578947,190,Very Poor
6182,4,0,1,0.9370078740157481,0.7114173228346459,2.952932098765432,162,Moderate
6185,8,1,1,0.7699115044247786,0.7690265486725663,3.1020962732919255,161,Poor
6186,8,0,1,0.9868421052631579,0.8293859649122808,3.499223602484472,161,Good
6187,9,0,1,0.8621359223300972,0.7003398058252428,2.5237341772151898,158,Poor
6188,10,0,0,0.6131868131868132,0.49175824175824184,3.037425149700599,167,Very Poor
6189,1,1,1,0.9974358974358974,0.8525641025641022,3.6503164556962027,158,Good
6190,1,1,1,1.0,0.8510683760683763,3.6550632911392404,158,Good
6191,1,0,1,0.9153846153846155,0.8263675213675212,3.6550632911392404,158,Good
6192,1,1,1,0.9538461538461539,0.8711538461538462,3.8212025316455698,158,Excellent
6193,7,1,1,0.7315315315315316,0.6531531531531533,2.838050314465409,159,Poor
6194,5,1,1,0.7608333333333335,0.7287499999999999,3.25078125,160,Poor
6195,5,0,1,0.9483606557377046,0.6868852459016395,2.775943396226415,159,Moderate
6197,2,0,0,1.0,0.7758620689655173,3.328515625,160,Moderate
6199,2,0,1,0.7111111111111111,0.6288888888888889,2.9777397260273974,146,Moderate
6202,6,0,1,0.9680000000000001,0.5939999999999999,2.756622516556291,151,Moderate
6205,7,0,1,0.9617391304347827,0.7547826086956522,3.207547169811321,159,Very Poor
6207,1,0,1,0.9948717948717949,0.8893162393162397,3.7998417721518987,158,Good
6209,4,1,1,0.8269230769230769,0.6838461538461539,2.6474056603773586,159,Poor
6210,7,1,1,0.9921739130434784,0.7556521739130434,3.227201257861635,159,Poor
6211,5,1,1,1.028205128205128,0.8764957264957264,3.6933229813664594,161,Good
6212,5,1,0,0.9876033057851239,0.8053719008264463,3.513198757763975,161,Moderate
6213,5,0,0,0.9016528925619834,0.8371900826446282,3.4883540372670807,161,Poor
6214,5,1,1,0.996694214876033,0.8735537190082646,3.970496894409938,161,Excellent
6215,5,1,1,0.9834710743801651,0.8132231404958679,3.56055900621118,161,Good
6217,5,1,1,1.0153846153846153,0.7064102564102563,2.9293478260869565,161,Moderate
6218,5,1,0,0.9801652892561982,0.7520661157024795,3.265527950310559,161,Poor
6219,5,0,1,0.7717741935483872,0.6911290322580645,2.992879746835443,158,Good
6220,5,1,0,0.962809917355372,0.8260330578512397,3.4759316770186337,161,Moderate
6221,5,0,1,0.9818181818181818,0.8264462809917354,3.610248447204969,161,Good
6222,5,0,1,0.9396694214876034,0.7095041322314053,3.076863354037267,161,Moderate
6223,2,1,1,0.9629310344827585,0.8344827586206895,3.731640625,160,Good
6224,2,1,1,1.001785714285714,0.8502232142857142,3.534375,160,Good
6225,2,0,1,0.8741379310344827,0.7982758620689657,3.38984375,160,Moderate
6226,2,1,1,0.9612068965517243,0.7780172413793106,3.51796875,160,Moderate
6227,1,1,1,0.9923076923076923,0.9096153846153847,3.9375,158,Excellent
6228,1,0,1,0.9650000000000001,0.7729166666666665,3.6526898734177213,158,Very Good
6229,1,0,1,1.0,0.8623931623931623,3.8805379746835444,158,Very Good
6231,1,1,1,0.9076923076923081,0.8679487179487181,3.723892405063291,158,Good
6232,1,1,1,0.9871794871794873,0.8297008547008546,3.6431962025316458,158,Good
6233,1,1,1,0.9923076923076923,0.853846153846154,3.8354430379746836,158,Excellent
6247,1,1,1,0.982051282051282,0.7880341880341879,3.571993670886076,158,Moderate
6248,1,0,1,1.0,0.9300427350427352,3.9422468354430378,158,Very Good
6249,1,0,1,0.9743589743589745,0.8072649572649572,3.6289556962025316,158,Good
6250,7,1,1,0.9042372881355933,0.663771186440678,2.7900641025641026,156,Poor
6251,2,0,1,0.9663793103448275,0.8086206896551725,3.55625,160,Good
6252,2,1,1,0.8698275862068966,0.7500000000000001,3.2125,160,Moderate
6253,2,0,1,0.9913793103448276,0.8508620689655173,3.730859375,160,Good
6255,2,0,1,0.9405172413793103,0.7478448275862071,3.448046875,160,Moderate
6256,2,1,1,0.8901785714285715,0.8214285714285715,3.499609375,160,Moderate
6257,9,0,1,0.9349514563106798,0.7813106796116507,2.574367088607595,158,Moderate
6258,9,1,1,0.742718446601942,0.5798543689320389,2.1337025316455698,158,Poor
6259,10,1,0,0.759493670886076,0.6240506329113924,3.376655629139073,151,Moderate
6260,10,1,1,0.3472527472527473,0.4686813186813189,3.3068181818181817,143,Very Poor
6261,10,1,1,0.4337349397590362,0.5373493975903616,3.2548387096774194,155,Very Poor
6262,10,0,1,0.3617977528089888,0.4185393258426965,3.014388489208633,139,Poor
6273,10,1,1,0.49647058823529416,0.4158823529411765,3.255952380952381,147,Very Poor
6274,1,1,1,0.9051282051282051,0.6756410256410256,3.002373417721519,158,Moderate
6275,2,1,1,0.8696000000000003,0.7248,3.408564814814815,162,Moderate
6276,7,1,1,0.9182608695652176,0.716086956521739,2.8907232704402515,159,Poor
6277,5,0,1,0.9129032258064517,0.6370967741935485,2.91953125,160,Moderate
6283,11,0,0,0.9714285714285714,0.8497899159663866,3.6645962732919255,161,Good
6295,4,0,1,0.6884615384615385,0.824551282051282,2.1670524691358026,162,Poor
6298,3,1,1,0.9271186440677968,0.7597457627118644,3.4849537037037037,162,Poor
6303,5,0,0,1.0172413793103448,0.7737068965517241,3.43046875,160,Moderate
6304,4,0,1,0.9771653543307086,0.7665354330708664,3.195216049382716,162,Moderate
6307,5,1,1,0.8699999999999999,0.8333333333333335,3.6578125,160,Good
6308,5,1,0,0.9520661157024795,0.7454545454545454,3.2422360248447206,161,Very Poor
6314,11,1,1,0.9966666666666666,0.7933333333333333,3.5347222222222223,162,Moderate
6315,2,1,1,0.8853448275862068,0.7866379310344829,3.40625,160,Moderate
6316,1,0,1,0.9564102564102566,0.6683760683760683,3.2800632911392404,158,Good
6319,2,0,1,0.9758620689655173,0.7995689655172415,3.483203125,160,Moderate
6320,6,0,1,0.7917241379310348,0.5687931034482758,2.8317953020134228,149,Very Poor
6321,5,0,1,0.9967213114754098,0.7032786885245902,3.05859375,160,Moderate
6323,11,1,1,1.0069565217391303,0.8234782608695652,3.283385093167702,161,Very Poor
6324,5,0,1,0.9025000000000001,0.69125,3.0671875,160,Moderate
6328,8,0,1,0.944628099173554,0.715289256198347,3.258116883116883,154,Moderate
6335,2,1,1,0.6346456692913386,0.6,2.9763621794871793,156,Good
6336,1,1,1,1.0,0.8188034188034188,3.6052215189873418,158,Good
6337,1,1,1,0.9634146341463415,0.7065040650406504,3.1115506329113924,158,Moderate
6339,1,0,1,0.9725000000000001,0.8529166666666668,3.723892405063291,158,Good
6340,1,1,1,0.9512820512820518,0.8094017094017091,3.6052215189873418,158,Good
6341,1,1,1,1.0,0.7555555555555555,3.194620253164557,158,Moderate
6342,5,0,0,1.0188034188034185,0.8884615384615385,3.7142857142857144,161,Good
6343,5,1,1,0.9949152542372881,0.7182203389830508,2.73828125,160,Moderate
6344,5,0,1,0.7263565891472867,0.6294573643410852,2.772798742138365,159,Very Poor
6345,5,0,0,0.9867768595041322,0.7504132231404959,3.1343167701863353,161,Moderate
6346,5,0,1,0.7814516129032256,0.6004032258064516,2.7265625,160,Very Poor
6348,5,1,1,1.0136752136752136,0.8521367521367523,3.434006211180124,161,Poor
6349,2,0,1,0.9752,0.844,3.6284722222222223,162,Good
6350,2,1,1,0.9936,0.9475999999999999,3.9521604938271606,162,Excellent
6351,2,0,1,0.9840000000000001,0.7944,3.5709876543209877,162,Very Good
6352,2,0,1,0.9856000000000001,0.8463999999999998,3.7700617283950617,162,Good
6353,2,1,1,0.6911111111111111,0.5781481481481481,3.2976190476190474,147,Poor
6354,2,1,1,0.8399999999999999,0.8332,3.5574845679012346,162,Good
6355,2,1,1,0.9824,0.7608,3.152391975308642,162,Moderate
6356,2,1,1,0.984,0.7887999999999998,3.256172839506173,162,Moderate
6357,2,1,1,0.9912000000000001,0.7914000000000001,3.4602623456790123,162,Moderate
6358,2,1,1,0.9553719008264465,0.6772727272727272,2.8194444444444446,162,Moderate
6359,2,1,0,0.9912000000000001,0.8700000000000002,3.8132716049382718,162,Very Good
6360,2,0,1,0.8867924528301887,0.6622641509433961,3.1795302013422817,149,Moderate
6362,2,1,1,0.9904,0.8994000000000001,3.8445216049382718,162,Excellent
6363,1,1,1,0.790909090909091,0.4691287878787879,2.7792721518987342,158,Very Poor
6364,10,0,0,0.4413793103448276,0.4902298850574712,3.2393617021276597,141,Very Poor
6366,10,1,0,0.7189873417721518,0.6563291139240506,3.5910596026490067,151,Moderate
6367,10,0,0,0.7974683544303797,0.7107594936708861,3.3625827814569536,151,Very Poor
6368,10,0,0,0.47407407407407415,0.5753086419753086,3.1415562913907285,151,Very Poor
6370,10,1,1,0.7265822784810125,0.5284810126582278,3.3269867549668874,151,Poor
6371,1,1,1,0.9974358974358974,0.8081196581196578,3.550632911392405,158,Good
6373,1,0,1,0.6507042253521126,0.49507042253521144,2.7650316455696204,158,Good
6374,1,0,1,0.9897435897435899,0.807051282051282,3.517405063291139,158,Good
6375,1,1,1,0.7892307692307693,0.6053846153846153,3.2805944055944054,143,Poor
6376,1,1,1,0.9897435897435899,0.8247863247863249,3.704905063291139,158,Good
6377,1,0,1,0.9871794871794873,0.8352564102564102,3.757120253164557,158,Good
6378,1,0,1,0.9512820512820512,0.7286324786324786,3.5625,158,Very Good
6379,1,1,1,0.8952755905511812,0.7522834645669293,3.5702054794520546,146,Moderate
6380,1,1,1,0.7512820512820516,0.6457264957264957,3.4651898734177213,158,Good
6381,1,0,0,0.9692307692307695,0.7119658119658121,3.3227848101265822,158,Very Poor
6382,1,0,1,0.9871794871794873,0.817094017094017,3.6977848101265822,158,Good
6383,1,1,1,0.935294117647059,0.7962184873949578,3.367879746835443,158,Moderate
6389,3,1,1,0.9122950819672133,0.6713114754098362,3.2314814814814814,162,Poor
6397,5,1,0,1.0,0.8280991735537188,3.612577639751553,161,Moderate
6400,10,0,1,0.5349514563106796,0.4980582524271846,2.302309782608696,184,Poor
6404,5,1,1,0.9716666666666668,0.7245833333333332,2.9703125,160,Moderate
6405,1,1,1,0.9846153846153848,0.8399572649572649,3.6242088607594938,158,Good
6424,5,1,0,0.9916666666666666,0.8533333333333335,3.60703125,160,Moderate
6425,7,0,0,1.0306306306306308,0.8711711711711714,3.4465408805031448,159,Good
6426,5,1,1,0.7803418803418801,0.7311965811965813,2.795807453416149,161,Moderate
6429,5,1,1,0.9041322314049587,0.7152892561983469,3.093944099378882,161,Moderate
6430,2,0,1,0.9976,0.7772,3.431327160493827,162,Moderate
6431,4,1,1,0.9787401574803151,0.8641732283464568,3.7743055555555554,162,Good
6436,1,1,1,0.9871794871794873,0.7512820512820512,3.348892405063291,158,Moderate
6443,1,1,1,0.9948717948717949,0.808119658119658,3.4580696202531644,158,Poor
6447,5,0,1,0.9842975206611569,0.7020661157024793,3.0683229813664594,161,Moderate
6448,5,1,1,1.0,0.7841666666666668,3.40078125,160,Moderate
6449,2,1,1,0.9950413223140497,0.7956611570247935,3.429783950617284,162,Moderate
6456,11,1,1,0.7319327731092438,0.7441176470588236,3.1319875776397517,161,Very Poor
6458,6,1,1,1.000854700854701,0.8809829059829063,3.644140625,160,Good
6459,2,1,1,1.0080357142857144,0.8888392857142859,3.64375,160,Good
6460,2,0,0,0.8265625000000002,0.6785156250000001,2.8265845070422535,142,Moderate
6461,1,0,1,0.9948717948717949,0.8358974358974357,3.7096518987341773,158,Good
6462,1,1,1,1.0,0.8583333333333334,3.7096518987341773,158,Good
6463,1,0,0,0.966666666666667,0.7651709401709402,3.721518987341772,158,Good
6464,1,1,1,0.8923076923076924,0.7273504273504272,3.358386075949367,158,Moderate
6465,1,1,1,0.9871794871794872,0.8320512820512822,3.6337025316455698,158,Good
6466,1,1,1,0.9846153846153847,0.817948717948718,3.5316455696202533,158,Good
6467,1,1,1,0.9781512605042019,0.7462184873949582,3.2563291139240507,158,Moderate
6468,1,1,1,0.923809523809524,0.6238095238095236,2.7246835443037973,158,Good
6469,3,1,1,0.8355932203389832,0.7682203389830509,3.232253086419753,162,Poor
6470,3,1,1,0.5618055555555557,0.7451388888888887,2.949919871794872,156,Good
6472,3,1,1,0.8344000000000003,0.6699999999999999,2.7741013071895426,153,Poor
6473,3,1,1,0.7655172413793104,0.5068965517241382,3.3240131578947367,114,Very Poor
6474,4,1,1,0.9952755905511812,0.8799212598425197,3.814814814814815,162,Excellent
6475,4,1,1,0.8034782608695654,0.7730434782608696,2.908179012345679,162,Poor
6476,4,1,1,0.9440944881889765,0.7066929133858267,3.1566358024691357,162,Poor
6477,4,0,1,0.9976377952755906,0.8602362204724407,3.7237654320987654,162,Good
6478,4,1,1,0.6053333333333334,0.6323333333333333,2.474537037037037,162,Very Poor
6479,4,0,1,0.8897637795275591,0.7625984251968504,3.306712962962963,162,Moderate
6480,4,1,1,0.7299212598425199,0.7618110236220472,3.452932098765432,162,Poor
6481,4,1,1,0.988976377952756,0.7669291338582676,3.4876543209876543,162,Poor
6482,4,1,1,1.0344537815126051,0.7789915966386555,2.9621913580246915,162,Poor
6483,1,1,1,1.0,0.8487179487179487,3.7096518987341773,158,Good
6484,1,1,1,0.9324999999999999,0.6997916666666668,3.1827531645569622,158,Moderate
6485,3,1,1,1.030701754385965,0.8649122807017544,3.513117283950617,162,Good
6486,3,0,1,0.9396694214876032,0.7115702479338845,3.374223602484472,161,Good
6488,3,0,0,0.9957627118644068,0.8576271186440676,3.693287037037037,162,Good
6489,3,1,1,0.8330508474576268,0.6057203389830509,2.6242283950617282,162,Poor
6490,3,1,1,0.976271186440678,0.8091101694915255,3.599537037037037,162,Good
6491,3,0,1,0.997457627118644,0.8686440677966101,3.8549382716049383,162,Excellent
6492,3,1,1,0.909322033898305,0.7586864406779662,3.4324845679012346,162,Poor
6493,3,1,1,0.9389830508474577,0.8146186440677966,3.7550154320987654,162,Good
6494,3,0,0,0.9830508474576272,0.8565677966101692,3.6847993827160495,162,Good
6495,4,1,1,0.7398437499999998,0.6140625000000001,2.992283950617284,162,Very Poor
6496,4,1,1,0.9944881889763779,0.7307086614173228,3.4224537037037037,162,Poor
6498,4,1,1,0.8941176470588237,0.7084033613445377,2.971836419753086,162,Poor
6499,4,1,1,0.9606299212598426,0.8165354330708661,3.751543209876543,162,Good
6500,4,1,1,0.9015384615384615,0.6573076923076921,3.0713734567901234,162,Poor
6501,4,1,1,0.9881889763779529,0.8098425196850393,3.599151234567901,162,Good
6502,4,1,1,0.9401574803149607,0.6480314960629923,3.0513117283950617,162,Good
6503,4,0,1,0.9527559055118112,0.6972440944881887,3.3348765432098766,162,Moderate
6504,4,1,1,0.9976377952755906,0.8708661417322835,3.702932098765432,162,Good
6505,4,0,1,0.9291338582677166,0.7779527559055118,3.5385802469135803,162,Good
6506,4,1,1,0.988976377952756,0.8562992125984252,3.8136574074074074,162,Excellent
6507,4,0,1,0.8702290076335877,0.6935114503816794,3.1948302469135803,162,Moderate
6508,4,1,1,0.8385714285714285,0.7528571428571427,4.163219424460432,139,Excellent
6509,5,0,1,0.93,0.7337500000000002,3.221875,160,Moderate
6510,2,1,1,1.0,0.8749999999999999,3.787890625,160,Good
6511,7,1,1,0.9942148760330578,0.6278512396694215,2.9812091503267975,153,Very Poor
6512,8,1,1,0.9842105263157896,0.8061403508771929,3.546583850931677,161,Good
6523,4,1,1,0.8833333333333335,0.5913194444444444,2.5044354838709677,155,Poor
6551,10,1,1,0.4290322580645161,0.47956989247311843,3.524834437086093,151,Excellent
6554,10,0,1,0.371523178807947,0.5271523178807949,2.786073825503356,149,Poor
6555,5,0,1,0.7975609756097559,0.643089430894309,2.72248427672956,159,Very Poor
6559,5,0,1,0.8775862068965519,0.6900862068965515,3.2046875,160,Moderate
6560,11,0,1,0.8360655737704921,0.7456967213114752,2.9751552795031055,161,Good
6564,4,0,1,0.7223021582733813,0.6553956834532374,3.1658834586466167,133,Moderate
6565,1,0,1,1.0,0.9272222222222225,3.8876582278481013,158,Very Good
6572,2,1,1,0.9704000000000002,0.7183999999999999,3.3429783950617282,162,Moderate
6578,4,0,1,1.0141732283464568,0.6409448818897637,2.8699845679012346,162,Very Poor
6580,7,1,1,0.9747826086956523,0.7469565217391304,3.207547169811321,159,Poor
6581,4,1,1,1.0048780487804878,0.8752032520325203,3.5416666666666665,162,Good
6582,10,0,0,0.847058823529412,0.7098235294117647,3.007236842105263,190,Very Poor
6583,5,1,1,0.9216666666666665,0.6750000000000002,3.17109375,160,Moderate
6584,2,0,1,0.9241379310344828,0.8448275862068964,3.659375,160,Good
6586,1,1,1,0.9487179487179487,0.7587606837606838,3.2278481012658227,158,Moderate
6587,1,0,1,0.9948717948717949,0.7978632478632478,3.4841772151898733,158,Moderate
6588,1,0,0,0.9641025641025642,0.7476495726495724,3.242088607594937,158,Very Poor
6590,1,1,0,0.9846153846153848,0.8106837606837604,3.6455696202531644,158,Good
6591,1,1,1,0.99,0.68,3.132911392405063,158,Moderate
6593,1,0,1,0.9226890756302522,0.695798319327731,3.3169354838709677,155,Moderate
6594,3,0,0,0.9906779661016949,0.7758474576271188,3.5474537037037037,162,Moderate
6595,3,1,1,0.7809523809523811,0.653968253968254,3.160601265822785,158,Poor
6596,3,1,1,0.997457627118644,0.8618644067796608,3.732638888888889,162,Good
6597,3,0,1,0.9762711864406781,0.8442796610169491,3.665895061728395,162,Good
6599,3,1,1,0.9949152542372882,0.765466101694915,3.2785493827160495,162,Poor
6601,4,1,1,0.9897637795275591,0.8031496062992126,3.560185185185185,162,Good
6602,4,1,1,0.8322834645669291,0.7232283464566929,3.140432098765432,162,Poor
6603,4,1,1,0.9881889763779529,0.7740157480314961,3.5347222222222223,162,Moderate
6604,4,0,1,0.6030769230769232,0.6584615384615388,3.118317610062893,159,Poor
6605,4,1,1,1.0092436974789918,0.7638655462184875,3.1944444444444446,162,Poor
6606,4,1,1,0.9716535433070868,0.7826771653543309,3.1685956790123457,162,Poor
6607,4,1,1,0.9850393700787402,0.8507874015748031,3.8229166666666665,162,Excellent
6608,4,1,1,0.9905511811023622,0.7448818897637796,3.1400462962962963,162,Poor
6609,4,1,1,0.8923076923076926,0.6496153846153845,2.881172839506173,162,Very Poor
6610,2,1,0,0.9887931034482758,0.8521551724137933,3.717578125,160,Moderate
6611,2,1,1,0.819047619047619,0.640079365079365,2.5931291390728477,151,Moderate
6612,5,1,1,0.9916666666666666,0.7929166666666665,3.6328125,160,Moderate
6613,5,0,1,0.9933333333333334,0.8112499999999999,3.68515625,160,Good
6614,5,0,0,0.7783333333333332,0.7079166666666666,3.17421875,160,Moderate
6615,5,1,1,0.8422413793103449,0.6448275862068965,2.84296875,160,Poor
6616,5,1,1,0.8198412698412697,0.5603174603174603,2.784313725490196,153,Poor
6617,5,0,1,0.9925,0.8220833333333335,3.8078125,160,Very Good
6618,5,1,1,0.9883333333333333,0.7745833333333334,3.58125,160,Moderate
6619,5,1,1,0.7724999999999999,0.7604166666666665,3.30859375,160,Very Poor
6620,5,0,0,0.995,0.80125,3.57265625,160,Good
6621,5,0,0,0.9933333333333334,0.8962499999999998,3.8484375,160,Very Good
6622,5,1,1,0.82,0.6056,2.76328125,160,Poor
6623,5,0,0,0.9525000000000001,0.7600000000000001,3.221875,160,Moderate
6625,5,1,1,0.9025000000000001,0.7075000000000001,3.1015625,160,Moderate
6627,5,1,1,0.738211382113821,0.6121951219512194,2.7390625,160,Very Poor
6628,6,0,1,0.8131782945736435,0.6034883720930234,3.235372340425532,141,Poor
6629,6,1,1,0.9872881355932205,0.8368644067796609,3.772265625,160,Good
6630,6,0,1,1.0672727272727274,0.9281818181818182,3.606640625,160,Good
6631,6,1,0,0.8957627118644068,0.6860169491525423,3.026171875,160,Poor
6633,6,1,1,0.9395161290322582,0.6508064516129032,3.1073369565217392,138,Poor
6676,8,1,1,0.9381818181818183,0.8272727272727273,3.296195652173913,161,Moderate
6677,5,1,1,0.9982758620689656,0.696551724137931,2.90390625,160,Moderate
6678,7,1,1,0.7177966101694916,0.575,2.919811320754717,159,Poor
6679,8,0,1,0.8382113821138213,0.6955284552845529,3.2722039473684212,152,Very Poor
6688,9,0,0,0.9847619047619048,0.795952380952381,2.7167721518987342,158,Moderate
6689,10,1,0,0.8409638554216867,0.6740963855421687,3.0651315789473683,190,Poor
6690,1,1,1,0.9846153846153847,0.8166666666666667,3.6550632911392404,158,Good
6691,1,1,1,0.9974358974358974,0.8623931623931622,3.6455696202531644,158,Good
6692,3,1,1,0.9940677966101696,0.7461864406779659,3.2276234567901234,162,Poor
6693,4,1,1,0.9724409448818899,0.7925196850393703,3.4957561728395063,162,Poor
6694,1,1,1,0.9871794871794873,0.8861111111111113,3.8378164556962027,158,Excellent
6695,5,1,1,0.8333333333333334,0.7083333333333333,3.09453125,160,Moderate
6696,5,1,1,0.9433333333333334,0.7900000000000004,3.328125,160,Moderate
6697,5,0,1,0.9874999999999999,0.8133333333333334,3.53984375,160,Good
6699,2,1,1,0.9586206896551726,0.7995689655172413,3.44375,160,Moderate
6701,5,0,1,1.021551724137931,0.9064655172413796,3.7015625,160,Good
6702,5,0,1,0.7950920245398773,0.6343558282208587,2.8358843537414966,147,Very Poor
6709,2,1,1,0.6730769230769231,0.7476923076923077,3.1516203703703702,162,Very Poor
6710,2,0,1,0.8659863945578231,0.6078231292517006,2.590909090909091,154,Poor
6711,7,1,1,0.98,0.7904347826086958,3.2429245283018866,159,Poor
6713,10,1,1,0.1153061224489796,0.2045918367346939,2.0096153846153846,143,Very Poor
6714,4,0,1,0.9251968503937009,0.8074803149606301,3.560570987654321,162,Good
6715,1,1,1,0.9692307692307692,0.8713675213675212,3.6028481012658227,158,Good
6716,10,1,1,0.238655462184874,0.27689075630252097,2.5290880503144653,159,Very Poor
6717,4,0,1,0.9944881889763779,0.8059055118110235,3.7295524691358026,162,Good
6718,4,1,1,1.0218487394957987,0.792436974789916,2.951003086419753,162,Poor
6719,4,1,1,0.9905511811023623,0.7921259842519682,3.403935185185185,162,Poor
6720,6,0,1,0.9864406779661018,0.8139830508474576,3.290234375,160,Moderate
6721,6,1,0,0.9903508771929824,0.8469298245614035,3.54765625,160,Moderate
6722,6,0,1,0.9601694915254239,0.836864406779661,3.83125,160,Very Good
6723,6,0,1,0.7515625000000002,0.6195312500000002,3.316300675675676,148,Good
6724,6,1,1,0.6017751479289941,0.44467455621301777,2.494047619047619,147,Good
6725,6,1,1,1.0192982456140351,0.7337719298245614,3.06328125,160,Poor
6726,6,0,1,1.0,0.8288135593220342,3.575,160,Good
6727,8,1,1,0.9789473684210527,0.7557017543859648,3.364130434782609,161,Moderate
6728,8,0,1,0.9771929824561405,0.8390350877192981,3.8338509316770186,161,Excellent
6731,8,1,1,0.3343949044585987,0.38375796178343957,2.7440693430656933,137,Poor
6732,4,1,1,0.9661417322834647,0.7196850393700789,3.1724537037037037,162,Poor
6733,4,1,1,0.9850393700787402,0.7759842519685043,3.6022376543209877,162,Moderate
6734,4,0,1,0.9181102362204727,0.7299212598425197,3.0771604938271606,162,Moderate
6735,4,1,1,0.6870229007633586,0.6137404580152673,2.6262096774193546,155,Good
6736,4,1,1,0.793846153846154,0.6076923076923076,2.7916666666666665,162,Poor
6737,4,0,1,0.8923076923076925,0.6807692307692308,3.099151234567901,162,Moderate
6738,4,1,1,0.9170731707317074,0.7723577235772358,3.2627314814814814,162,Poor
6740,4,1,1,0.9850393700787403,0.6413385826771654,2.8497596153846154,156,Very Poor
6742,4,1,1,0.7781818181818182,0.48393939393939384,2.707107843137255,153,Very Poor
6743,5,1,1,0.8825000000000001,0.6741666666666666,3.14765625,160,Moderate
6745,8,1,1,0.8368421052631579,0.6881578947368421,3.1793478260869565,161,Moderate
6747,9,1,0,0.9854368932038836,0.7578640776699028,2.4319620253164556,158,Good
6748,9,1,1,0.9631067961165051,0.7543203883495146,2.6147151898734178,158,Moderate
6749,9,1,0,0.9902912621359223,0.8038834951456307,2.733386075949367,158,Moderate
6750,6,1,1,0.9727272727272729,0.6609504132231406,3.09156050955414,157,Poor
6751,11,1,1,0.9302521008403362,0.8592436974789911,3.8260869565217392,161,Excellent
6753,11,0,1,1.0168067226890756,0.7691176470588237,3.3299689440993787,161,Good
6754,11,1,1,0.6921259842519685,0.6551181102362205,2.983974358974359,156,Very Poor
6755,11,1,1,0.8504201680672269,0.7102941176470589,2.8110687022900764,131,Moderate
6756,11,1,1,0.6588235294117646,0.6899159663865546,3.1645962732919255,161,Very Poor
6758,1,0,1,0.9897435897435897,0.832051282051282,3.8069620253164556,158,Very Good
6759,1,1,1,0.9794871794871796,0.8362393162393161,3.740506329113924,158,Good
6760,1,0,0,0.9974358974358974,0.8262820512820512,3.8212025316455698,158,Very Good
6761,1,0,0,0.9897435897435897,0.8044017094017092,3.6882911392405062,158,Very Good
6762,1,1,1,0.9692307692307695,0.7329059829059827,3.4509493670886076,158,Moderate
6763,1,0,1,0.9743589743589743,0.7994871794871795,3.6337025316455698,158,Very Good
6764,1,1,1,0.9538461538461539,0.8133760683760682,3.6526898734177213,158,Good
6775,1,1,1,0.7897435897435898,0.5965811965811966,3.0427215189873418,158,Poor
6794,4,0,1,0.8582677165354332,0.7960629921259841,3.6099537037037037,162,Good
6805,4,1,1,0.8894409937888201,0.6090062111801242,2.1805555555555554,162,Moderate
6806,4,0,1,0.9850393700787402,0.8137795275590549,3.4575617283950617,162,Moderate
6808,10,1,1,0.3136842105263158,0.4441052631578947,2.3806818181818183,176,Very Poor
6810,10,1,1,0.5774193548387095,0.5583333333333331,2.967763157894737,190,Very Poor
6812,1,1,1,1.0,0.8002136752136751,3.6384493670886076,158,Good
6813,1,1,1,0.9725,0.7985416666666667,3.5482594936708862,158,Moderate
6816,1,1,1,0.9923076923076923,0.8358974358974359,3.75,158,Good
6821,4,1,1,0.9755905511811024,0.8519685039370077,3.8449074074074074,162,Excellent
6830,5,0,1,0.8108974358974357,0.5326923076923077,2.6789383561643834,146,Poor
6831,1,0,1,0.9923076923076923,0.8901709401709402,3.8117088607594938,158,Very Good
6832,6,1,1,0.9396694214876035,0.6764462809917355,2.939453125,160,Moderate
6835,2,1,1,0.9677685950413224,0.7557851239669422,3.338348765432099,162,Moderate
6837,2,0,1,0.7320000000000001,0.6053200000000001,2.771219135802469,162,Good
6838,10,1,0,0.5726315789473684,0.5423684210526316,3.1648936170212765,188,Very Poor
6843,5,0,1,1.0,0.7766666666666667,3.46328125,160,Moderate
6844,4,1,1,0.6118055555555554,0.5871527777777776,3.110738255033557,149,Very Poor
6845,4,1,1,0.9748031496062993,0.7948818897637797,3.376543209876543,162,Poor
6846,4,1,1,0.9685039370078742,0.7641732283464567,3.2534722222222223,162,Poor
6847,6,1,1,0.9703389830508475,0.7411016949152542,3.299609375,160,Moderate
6848,6,1,1,0.8491525423728814,0.775,3.48046875,160,Poor
6849,6,1,1,0.6746478873239439,0.5602112676056338,3.0191326530612246,147,Good
6850,6,1,1,0.7354330708661417,0.6267716535433068,3.05,160,Poor
6851,8,1,1,0.9271929824561408,0.838157894736842,3.437888198757764,161,Moderate
6853,8,1,1,0.9912280701754386,0.8916666666666666,3.7950310559006213,161,Good
6854,8,1,1,0.7519999999999999,0.6652000000000001,2.783385093167702,161,Good
6855,8,1,1,0.942982456140351,0.705701754385965,2.847437888198758,161,Moderate
6856,8,1,1,0.8964912280701758,0.7333333333333333,2.9316770186335406,161,Moderate
6857,8,1,0,0.9412280701754389,0.7521929824561402,3.2892080745341614,161,Poor
6858,8,1,1,0.9947368421052633,0.9030701754385964,3.840062111801242,161,Excellent
6859,9,0,1,0.9895238095238095,0.8428571428571427,2.787974683544304,158,Moderate
6860,9,0,0,0.9914285714285715,0.7838095238095237,2.5371835443037973,158,Moderate
6861,9,1,0,0.9800000000000002,0.7104761904761904,2.3022151898734178,158,Poor
6862,9,0,0,0.9885714285714287,0.7704761904761905,2.507911392405063,158,Moderate
6863,11,0,1,0.9865546218487395,0.7857142857142857,3.4604037267080745,161,Good
6864,11,1,0,0.9840336134453782,0.8647058823529412,3.6622670807453415,161,Moderate
6865,11,1,1,0.7523809523809525,0.6198412698412697,2.7943548387096775,155,Poor
6866,11,1,0,0.9915966386554621,0.8231092436974791,3.5683229813664594,161,Moderate
6867,11,1,1,0.9420168067226891,0.7388655462184875,3.327639751552795,161,Moderate
6868,11,1,0,0.9621848739495797,0.8035714285714286,3.593944099378882,161,Moderate
6870,11,0,1,0.6403100775193798,0.5602713178294574,2.937086092715232,151,Poor
6871,1,0,1,0.9846153846153847,0.8153846153846152,3.6337025316455698,158,Good
6872,1,1,1,1.0,0.880042735042735,3.8069620253164556,158,Excellent
6873,1,1,1,0.9550000000000001,0.7495833333333332,3.5031645569620253,158,Moderate
6874,1,1,1,0.8621848739495798,0.6550420168067226,2.9872448979591835,147,Moderate
6875,1,1,1,0.9897435897435899,0.8013675213675215,3.6503164556962027,158,Good
6876,1,1,1,0.9100000000000001,0.6870833333333332,3.0,158,Moderate
6877,1,1,1,0.9948717948717949,0.8272222222222219,3.7025316455696204,158,Good
6878,1,0,1,0.935897435897436,0.8022649572649575,3.768987341772152,158,Good
6879,5,1,1,0.9849999999999999,0.5910714285714286,3.18359375,128,Good
6880,5,1,1,0.8341666666666666,0.5987500000000001,2.5560661764705883,136,Moderate
6881,5,1,1,0.7560344827586208,0.718103448275862,3.1953125,160,Good
6882,5,0,1,0.82,0.69375,3.04921875,160,Moderate
6883,5,1,1,0.9327586206896552,0.7262931034482759,2.734375,160,Moderate
6884,5,1,0,0.938655462184874,0.6075630252100842,2.46328125,160,Poor
6885,5,0,1,0.9141666666666667,0.7704166666666665,3.23203125,160,Moderate
6886,5,1,1,0.9375000000000001,0.7145833333333332,3.4015625,160,Moderate
6887,5,0,1,0.9716666666666666,0.8641666666666666,3.75,160,Good
6888,5,1,1,0.5162962962962964,0.5381481481481482,2.937977099236641,131,Very Poor
6889,5,0,1,0.9858333333333333,0.77,3.53359375,160,Moderate
6890,5,1,1,1.0344827586206897,0.8370689655172415,3.51953125,160,Good
6891,5,1,0,1.014655172413793,0.7741379310344828,2.8625,160,Moderate
6892,5,1,1,0.7785714285714286,0.6142857142857144,2.9488993710691824,159,Moderate
6903,1,0,0,0.9948717948717949,0.9226495726495728,3.920886075949367,158,Very Good
6904,5,1,1,0.9886956521739131,0.6347826086956522,2.621875,160,Very Poor
6905,5,1,1,0.764655172413793,0.8202586206896555,3.37109375,160,Poor
6949,5,0,1,1.0675,0.8083333333333333,2.63125,160,Poor
6952,5,1,1,0.7008771929824564,0.618421052631579,2.5759493670886076,158,Poor
6953,3,1,1,0.7692982456140351,0.7456140350877195,3.1638621794871793,156,Poor
6954,11,0,0,1.0714285714285714,0.8691964285714285,3.4228395061728394,162,Very Poor
6955,5,0,1,0.8480916030534351,0.6469465648854961,2.97890625,160,Very Poor
6962,4,1,1,0.9317073170731708,0.6565040650406502,2.8333333333333335,162,Poor
6966,1,1,1,1.0,0.8115384615384614,3.600474683544304,158,Good
6968,2,0,1,0.976068376068376,0.6589743589743591,2.68046875,160,Moderate
6975,2,0,1,0.9085937500000002,0.719140625,3.5316358024691357,162,Very Good
6980,4,1,1,0.9732283464566931,0.75748031496063,3.455246913580247,162,Poor
6990,10,0,1,0.37200000000000005,0.5565000000000001,2.7624172185430464,151,Poor
6991,8,1,1,0.7925000000000002,0.7124999999999999,2.795807453416149,161,Moderate
6992,9,1,1,0.9666666666666668,0.7995238095238094,2.7507911392405062,158,Moderate
6993,9,0,0,0.9600000000000001,0.7558571428571426,2.518987341772152,158,Moderate
6994,9,1,1,0.9085714285714286,0.6609523809523808,2.286392405063291,158,Moderate
6995,9,0,0,0.9457142857142858,0.8424761904761907,2.8599683544303796,158,Poor
6996,9,0,0,0.9228571428571429,0.8061904761904761,2.6503164556962027,158,Very Poor
6997,11,0,1,0.9708661417322836,0.7401574803149603,3.4266975308641974,162,Good
6998,11,1,0,0.9916666666666667,0.8304166666666666,3.408179012345679,162,Moderate
6999,11,0,0,0.9758333333333333,0.8012500000000001,3.3834876543209877,162,Poor
7000,11,1,1,0.9151999999999999,0.6924000000000001,2.77109375,160,Moderate
7001,11,0,0,0.9783333333333333,0.8116666666666668,3.365740740740741,162,Poor
7002,11,1,1,0.965,0.7216666666666668,3.0339506172839505,162,Moderate
7003,11,1,1,0.9503816793893128,0.7427480916030534,3.315586419753086,162,Moderate
7004,11,0,0,0.9808333333333333,0.69875,3.0424382716049383,162,Good
7007,10,1,0,0.7541176470588237,0.6523529411764706,3.3710526315789475,190,Very Poor
7008,7,1,1,0.7693693693693692,0.7000000000000001,2.9654088050314464,159,Poor
7009,7,1,1,1.0,0.8426086956521736,3.744496855345912,159,Good
7010,7,1,1,0.9643478260869566,0.7721739130434783,3.42374213836478,159,Poor
7011,7,1,1,0.9565217391304348,0.7739130434782608,3.1517295597484276,159,Poor
7012,7,0,1,0.9669565217391304,0.7226086956521739,3.0605345911949686,159,Poor
7013,5,1,1,0.9424999999999998,0.7033333333333333,2.88828125,160,Moderate
7014,5,1,1,0.9591666666666668,0.7979166666666667,3.50625,160,Moderate
7015,5,1,0,0.9933333333333334,0.7345833333333333,3.30390625,160,Moderate
7016,5,1,0,0.9432,0.6808,2.9546178343949046,157,Moderate
7020,5,0,1,0.7816666666666667,0.695,3.09140625,160,Poor
7021,7,1,1,1.027027027027027,0.7563063063063062,3.1037735849056602,159,Poor
7022,7,1,0,0.9973913043478261,0.8626086956521739,3.6014150943396226,159,Moderate
7023,7,1,1,0.9521008403361344,0.6714285714285714,2.981918238993711,159,Poor
7024,7,1,1,0.890909090909091,0.6590909090909091,2.615566037735849,159,Poor
7025,7,1,1,1.0108108108108107,0.8563063063063063,3.460691823899371,159,Very Poor
7026,7,1,1,0.9007751937984496,0.5945736434108528,2.6705974842767297,159,Very Poor
7027,7,1,0,0.9634782608695653,0.8404347826086958,3.535377358490566,159,Moderate
7028,7,1,1,0.9400000000000002,0.7723913043478263,3.1202830188679247,159,Poor
7029,7,1,1,1.017117117117117,0.7540540540540539,2.9473270440251573,159,Poor
7030,7,1,1,0.9608695652173914,0.7423913043478261,3.1092767295597485,159,Poor
7031,2,1,1,0.8991379310344825,0.6874999999999999,3.01875,160,Moderate
7032,2,1,0,0.992241379310345,0.7961206896551724,3.2828125,160,Very Poor
7034,2,0,0,0.9956896551724138,0.9094827586206897,3.890625,160,Very Good
7035,2,1,0,0.9612068965517243,0.7456896551724138,3.23984375,160,Poor
7036,2,1,1,0.8366071428571429,0.7227678571428572,2.90859375,160,Moderate
7040,2,1,1,0.6595041322314049,0.5723140495867769,2.665562913907285,151,Good
7041,5,1,1,0.28542713567839195,0.35175879396984916,2.5186567164179103,134,Very Poor
7046,2,1,1,0.9310344827586207,0.8148706896551727,3.601171875,160,Good
7104,4,1,1,0.9881889763779529,0.7267716535433071,3.2418981481481484,162,Poor
7105,5,0,1,0.9652542372881356,0.7294491525423731,3.05390625,160,Moderate
7107,11,0,1,0.9956521739130434,0.8347826086956524,3.404503105590062,161,Poor
7108,5,1,1,0.7753424657534247,0.5102739726027397,2.827777777777778,135,Good
7113,1,1,1,0.9666666666666668,0.7856837606837607,3.4390822784810124,158,Moderate
7115,9,0,0,0.8857142857142859,0.7769523809523806,2.5205696202531644,158,Moderate
